Adduct,Mass,Charge
+H,1.00783,1
+Na,22.98977,1
+K,38.96371,1
+Ca,39.96259,2
+Mg,23.98504,2
+2H,2.01565,2
+2Na,45.97954,2
+2K,77.92741,2
+H+Na,23.99759,2
+H+K,39.97153,2
+Na+K,61.95348,2