Adduct,Mass
,0
+NH3,17.02655
+CH3COOH,58.00548
+H2O,18.01056
+TFA,113.99286
+MeCN,41.02655
+MeOH,32.02621
+PrOH,60.05751
+2(NH3),34.0531
+2(CH3COOH),116.01096
+2(H2O),36.02112
+2(TFA),227.98572
+2(MeCN),82.0531
+2(MeOH),64.05242
+2(PrOH),120.11502